{"train_loss": 0.00839981995522976, "epoch": 9, "trainer/global_step": 103889, "_timestamp": 1698116698.5876834, "_runtime": 54295.154824495316, "_step": 2086, "val_edit_distance": 0.13084313630824054, "_wandb": {"runtime": 59695}}