{"train_loss": 1.0656805038452148, "epoch": 0, "trainer/global_step": 499, "_timestamp": 1694640117.1331973, "_runtime": 104.95144128799438, "_step": 9}