{"train_loss": 0.7774807214736938, "epoch": 0, "trainer/global_step": 949, "_timestamp": 1694438373.1872349, "_runtime": 195.12217092514038, "_step": 18}