{"train_loss": 0.03892963007092476, "epoch": 9, "trainer/global_step": 103889, "_timestamp": 1698199997.4997823, "_runtime": 54471.96808433533, "_step": 2086, "val_edit_distance": 0.13187090726199782, "_wandb": {"runtime": 70412}}