{"train_loss": 1.2993254661560059, "epoch": 0, "trainer/global_step": 299, "_timestamp": 1694306788.3811736, "_runtime": 69.21245956420898, "_step": 5, "_wandb": {"runtime": 88}}