{"train_loss": 6.448236465454102, "epoch": 0, "trainer/global_step": 49, "_timestamp": 1696864210.6821694, "_runtime": 18.350906372070312, "_step": 0}