{"train_loss": 0.19534003734588623, "epoch": 8, "trainer/global_step": 86749, "_timestamp": 1694356311.923291, "_runtime": 49313.14425492287, "_step": 1742, "val_edit_distance": 0.1342601417571848}